{"modelName":"FS_Threat","displayName":"FS Threat Intelligence","description":"FS Threat Intelligence Model","objectSummary":{"Event-Based":1,"Transaction-Based":0,"Search-Based":0},"objects":[{"objectName":"FS_Threat","displayName":"FS Threat","parentName":"BaseEvent","comment":"","fields":[{"fieldName":"http_user_agent","owner":"FS_Threat","type":"string","fieldSearch":"","required":false,"multivalue":false,"hidden":false,"editable":true,"displayName":"http_user_agent","comment":""},{"fieldName":"http_refer","owner":"FS_Threat","type":"string","fieldSearch":"","required":false,"multivalue":false,"hidden":false,"editable":true,"displayName":"http_refer","comment":""},{"fieldName":"_time","owner":"BaseEvent","type":"timestamp","fieldSearch":"","required":false,"multivalue":false,"hidden":false,"editable":true,"displayName":"_time","comment":""},{"fieldName":"host","owner":"BaseEvent","type":"string","fieldSearch":"","required":false,"multivalue":false,"hidden":false,"editable":true,"displayName":"host","comment":""},{"fieldName":"source","owner":"BaseEvent","type":"string","fieldSearch":"","required":false,"multivalue":false,"hidden":false,"editable":true,"displayName":"source","comment":""},{"fieldName":"sourcetype","owner":"BaseEvent","type":"string","fieldSearch":"","required":false,"multivalue":false,"hidden":false,"editable":true,"displayName":"sourcetype","comment":""}],"calculations":[{"outputFields":[{"fieldName":"src","owner":"FS_Threat","type":"string","fieldSearch":"","required":false,"multivalue":false,"hidden":false,"editable":true,"displayName":"src","comment":""}],"calculationID":"g6i4r757xziu23xr","owner":"FS_Threat","editable":true,"comment":"","calculationType":"Eval","expression":"if(isnull(src),\"unknown\",src)"},{"outputFields":[{"fieldName":"action","owner":"FS_Threat","type":"string","fieldSearch":"","required":false,"multivalue":false,"hidden":false,"editable":true,"displayName":"action","comment":""}],"calculationID":"cnzk9ut0xhsyk3xr","owner":"FS_Threat","editable":true,"comment":"","calculationType":"Eval","expression":"if(isnull(action),\"unknown\",lower(action))"},{"outputFields":[{"fieldName":"dest","owner":"FS_Threat","type":"string","fieldSearch":"","required":false,"multivalue":false,"hidden":false,"editable":true,"displayName":"dest","comment":""}],"calculationID":"3jmey99wtad4e7b9","owner":"FS_Threat","editable":true,"comment":"","calculationType":"Eval","expression":"if(isnull(dest),\"unknown\",dest)"},{"outputFields":[{"fieldName":"url","owner":"FS_Threat","type":"string","fieldSearch":"","required":false,"multivalue":false,"hidden":false,"editable":true,"displayName":"url","comment":""}],"calculationID":"kz21gh6zdzgmbo6r","owner":"FS_Threat","editable":true,"comment":"","calculationType":"Eval","expression":"if(isnull(url),\"unknown\", url)"},{"outputFields":[{"fieldName":"dest_port","owner":"FS_Threat","type":"string","fieldSearch":"","required":false,"multivalue":false,"hidden":false,"editable":true,"displayName":"dest_port","comment":""}],"calculationID":"8qy0irg3c0bgp4hprc13zhncdi","owner":"FS_Threat","editable":true,"comment":"","calculationType":"Eval","expression":"if(isnum(dest_port),dest_port,0)"},{"outputFields":[{"fieldName":"src_port","owner":"FS_Threat","type":"string","fieldSearch":"","required":false,"multivalue":false,"hidden":false,"editable":true,"displayName":"src_port","comment":""}],"calculationID":"1ea2e1xidexq6jsaglm35cow29","owner":"FS_Threat","editable":true,"comment":"","calculationType":"Eval","expression":"if(isnum(src_port),src_port,0)"},{"outputFields":[{"fieldName":"recipient","owner":"FS_Threat","type":"string","fieldSearch":"","required":false,"multivalue":false,"hidden":false,"editable":true,"displayName":"recipient","comment":""}],"calculationID":"izb4sn8xay442adyz8th2gldi","owner":"FS_Threat","editable":true,"comment":"","calculationType":"Eval","expression":"if(isnull(recipient) OR recipient=\"\",\"unknown\",recipient)"},{"outputFields":[{"fieldName":"src_user","owner":"FS_Threat","type":"string","fieldSearch":"","required":false,"multivalue":false,"hidden":false,"editable":true,"displayName":"src_user","comment":""}],"calculationID":"28z4kmuoutapm5s0fvrm620529","owner":"FS_Threat","editable":true,"comment":"","calculationType":"Eval","expression":"if(isnull(src_user) OR src_user=\"\",\"unknown\",src_user)"},{"outputFields":[{"fieldName":"src_ip","owner":"FS_Threat","type":"string","fieldSearch":"","required":false,"multivalue":false,"hidden":false,"editable":true,"displayName":"src_ip","comment":""}],"calculationID":"28z4kmuoutapm5s0fvrm620530","owner":"FS_Threat","editable":true,"comment":"","calculationType":"Eval","expression":"if(isnull(src_ip),\"unknown\",src_ip)"},{"outputFields":[{"fieldName":"dest_ip","owner":"FS_Threat","type":"string","fieldSearch":"","required":false,"multivalue":false,"hidden":false,"editable":true,"displayName":"dest_ip","comment":""}],"calculationID":"28z4kmuoutapm5s0fvrm620531","owner":"FS_Threat","editable":true,"comment":"","calculationType":"Eval","expression":"if(isnull(dest_ip),\"unknown\",dest_ip)"},{"outputFields":[{"fieldName":"user","owner":"FS_Threat","type":"string","fieldSearch":"","required":false,"multivalue":false,"hidden":false,"editable":true,"displayName":"user","comment":""}],"calculationID":"91jky3rzn6y7wdujw3jjhmpldi","owner":"FS_Threat","editable":true,"comment":"","calculationType":"Eval","expression":"if(isnull(user) OR user=\"\",\"unknown\",user)"},{"outputFields":[{"fieldName":"uri","owner":"FS_Threat","type":"string","fieldSearch":"","required":false,"multivalue":false,"hidden":false,"editable":true,"displayName":"uri","comment":""}],"calculationID":"cs2fx2e7y6n","owner":"FS_Threat","editable":true,"comment":"","calculationType":"Eval","expression":"if(isnull(uri),\"unknown\", uri)"},{"outputFields":[{"fieldName":"status","owner":"FS_Threat","type":"string","fieldSearch":"","required":false,"multivalue":false,"hidden":false,"editable":true,"displayName":"status","comment":""}],"calculationID":"0hdx3myzfcu","owner":"FS_Threat","editable":true,"comment":"","calculationType":"Eval","expression":"if(isnull(status),\"unknown\",status)"}],"constraints":[{"search":"`fs_datamodel_search`","owner":"FS_Threat"}],"lineage":"FS_Threat"}],"objectNameList":["FS_Threat"]}